{
    "1": {
        "floor": 1,
        "vehicle": "",
        "status": "empty"
    },
    "2": {
        "floor": 1,
        "vehicle": "",
        "status": "empty"
    },
    "3": {
        "floor": 1,
        "vehicle": "",
        "status": "empty"
    },
    "4": {
        "floor": 1,
        "vehicle": "",
        "status": "empty"
    },
    "5": {
        "floor": 1,
        "vehicle": "",
        "status": "empty"
    },
    "6": {
        "floor": 1,
        "vehicle": "",
        "status": "empty"
    }
}